{"cameraMode":{"drawMode":0,"name":"Shaded","section":"Shading Mode"},"sceneLighting":true,"audioPlay":false,"sceneViewState":{"m_AlwaysRefresh":false,"showFog":true,"showSkybox":true,"showFlares":true,"showImageEffects":true,"showParticleSystems":true,"showVisualEffectGraphs":true,"m_FxEnabled":true},"in2DMode":false,"pivot":{"x":-3.9625415802001955,"y":0.20433616638183595,"z":-30.595983505249025},"rotation":{"x":0.11138252913951874,"y":0.8764756321907044,"z":-0.24428027868270875,"w":0.39963966608047488},"size":19.274526596069337,"orthographic":false}